insert into books (id, pub_date, is_bestseller, slug, image, description, price, discount, title) values (1, '2021-05-04 13:01:33', false, 'Y-find', 'Pede.ppt', 'dolor quis odio consequat varius integer ac leo pellentesque ultrices mattis', 4920, 21, 'Cardguard');
insert into books (id, pub_date, is_bestseller, slug, image, description, price, discount, title) values (2, '2021-01-28 06:53:16', true, 'Transcof', 'ConsectetuerEgetRutrum.pdf', 'augue a suscipit nulla elit ac nulla sed vel enim sit amet', 1277, 59, 'Viva');
insert into books (id, pub_date, is_bestseller, slug, image, description, price, discount, title) values (3, '2021-03-21 00:55:48', true, 'Ronstring', 'Quis.png', 'est phasellus sit amet erat nulla tempus vivamus in felis eu sapien cursus vestibulum proin eu mi nulla', 2960, 42, 'Keylex');
insert into books (id, pub_date, is_bestseller, slug, image, description, price, discount, title) values (4, '2021-03-09 22:00:13', false, 'Zontrax', 'NullaElit.jpeg', 'vivamus vel nulla eget eros elementum pellentesque quisque porta volutpat erat quisque erat', 750, 10, 'Fix San');
insert into books (id, pub_date, is_bestseller, slug, image, description, price, discount, title) values (5, '2020-10-20 09:06:49', true, 'Veribet', 'Fusce.xls', 'interdum venenatis turpis enim blandit mi in porttitor pede justo eu massa donec dapibus duis', 1216, 58, 'Job');
insert into books (id, pub_date, is_bestseller, slug, image, description, price, discount, title) values (6, '2021-01-21 23:18:54', true, 'Gembucket', 'Ac.xls', 'orci vehicula condimentum curabitur in libero ut massa volutpat convallis morbi odio odio elementum eu interdum eu', 4864, 10, 'Greenlam');
insert into books (id, pub_date, is_bestseller, slug, image, description, price, discount, title) values (7, '2020-09-29 09:19:38', false, 'Tres-Zap', 'NullamVarius.jpeg', 'tincidunt in leo maecenas pulvinar lobortis est phasellus sit amet erat', 2673, 31, 'Konklux');
insert into books (id, pub_date, is_bestseller, slug, image, description, price, discount, title) values (8, '2020-08-15 11:35:24', true, 'Keylex', 'MaurisSit.tiff', 'augue vel accumsan tellus nisi eu orci mauris lacinia sapien quis libero nullam sit', 1193, 71, 'Fixflex');
insert into books (id, pub_date, is_bestseller, slug, image, description, price, discount, title) values (9, '2020-09-08 08:57:33', false, 'Regrant', 'Ridiculus.tiff', 'est phasellus sit amet erat nulla tempus vivamus in felis eu sapien cursus vestibulum proin eu mi nulla', 3327, 23, 'Daltfresh');
insert into books (id, pub_date, is_bestseller, slug, image, description, price, discount, title) values (10, '2020-09-29 21:29:05', true, 'Opela', 'TinciduntAnteVel.mp3', 'morbi ut odio cras mi pede malesuada in imperdiet et commodo vulputate justo in', 1862, 6, 'Y-Solowarm');
insert into books (id, pub_date, is_bestseller, slug, image, description, price, discount, title) values (11, '2020-08-30 11:47:24', true, 'Tresom', 'MontesNasceturRidiculus.tiff', 'posuere felis sed lacus morbi sem mauris laoreet ut rhoncus aliquet pulvinar', 2860, 77, 'Transcof');
insert into books (id, pub_date, is_bestseller, slug, image, description, price, discount, title) values (12, '2020-08-26 19:43:48', false, 'Opela', 'Lacinia.avi', 'metus sapien ut nunc vestibulum ante ipsum primis in faucibus orci luctus et ultrices posuere cubilia', 4478, 65, 'Viva');
insert into books (id, pub_date, is_bestseller, slug, image, description, price, discount, title) values (13, '2020-12-04 14:28:01', true, 'Matsoft', 'MassaQuis.ppt', 'semper est quam pharetra magna ac consequat metus sapien ut nunc vestibulum ante ipsum primis in faucibus orci', 1220, 64, 'Konklab');
insert into books (id, pub_date, is_bestseller, slug, image, description, price, discount, title) values (14, '2020-12-07 02:16:14', false, 'Konklab', 'NullamOrciPede.xls', 'ipsum aliquam non mauris morbi non lectus aliquam sit amet diam in magna', 2812, 27, 'Alpha');
insert into books (id, pub_date, is_bestseller, slug, image, description, price, discount, title) values (15, '2020-06-25 19:07:34', true, 'Bitchip', 'CrasNonVelit.mp3', 'pretium nisl ut volutpat sapien arcu sed augue aliquam erat volutpat in congue etiam justo etiam', 4523, 16, 'Y-Solowarm');
insert into books (id, pub_date, is_bestseller, slug, image, description, price, discount, title) values (16, '2021-01-29 13:24:04', true, 'Domainer', 'Adipiscing.xls', 'sed ante vivamus tortor duis mattis egestas metus aenean fermentum donec ut mauris eget massa tempor', 3105, 49, 'Stim');
insert into books (id, pub_date, is_bestseller, slug, image, description, price, discount, title) values (17, '2020-06-07 08:57:45', false, 'Y-Solowarm', 'Quam.tiff', 'in sapien iaculis congue vivamus metus arcu adipiscing molestie hendrerit at vulputate vitae nisl aenean lectus pellentesque eget nunc', 1500, 82, 'Lotstring');
insert into books (id, pub_date, is_bestseller, slug, image, description, price, discount, title) values (18, '2020-12-07 23:43:12', false, 'Solarbreeze', 'DiamEratFermentum.mp3', 'luctus ultricies eu nibh quisque id justo sit amet sapien dignissim vestibulum vestibulum ante ipsum primis in faucibus', 3626, 84, 'Bitwolf');
insert into books (id, pub_date, is_bestseller, slug, image, description, price, discount, title) values (19, '2020-08-19 18:27:25', true, 'Domainer', 'TurpisDonec.gif', 'convallis nunc proin at turpis a pede posuere nonummy integer non velit donec diam neque vestibulum eget vulputate ut ultrices', 388, 7, 'Regrant');
insert into books (id, pub_date, is_bestseller, slug, image, description, price, discount, title) values (20, '2021-02-14 21:08:35', false, 'Tresom', 'ConvallisTortor.txt', 'nam nulla integer pede justo lacinia eget tincidunt eget tempus vel pede morbi porttitor lorem id', 4377, 87, 'Stim');
insert into books (id, pub_date, is_bestseller, slug, image, description, price, discount, title) values (21, '2020-07-03 00:27:16', true, 'Greenlam', 'EgetOrciVehicula.xls', 'vivamus in felis eu sapien cursus vestibulum proin eu mi nulla ac enim', 4696, 66, 'Fix San');
insert into books (id, pub_date, is_bestseller, slug, image, description, price, discount, title) values (22, '2020-11-05 03:50:59', false, 'Veribet', 'Sollicitudin.txt', 'in sapien iaculis congue vivamus metus arcu adipiscing molestie hendrerit at vulputate vitae nisl aenean lectus pellentesque eget nunc donec', 588, 40, 'Zontrax');
insert into books (id, pub_date, is_bestseller, slug, image, description, price, discount, title) values (23, '2021-04-12 07:42:02', true, 'Stringtough', 'Sem.ppt', 'consequat varius integer ac leo pellentesque ultrices mattis odio donec vitae nisi nam', 3180, 19, 'Wrapsafe');
insert into books (id, pub_date, is_bestseller, slug, image, description, price, discount, title) values (24, '2020-09-26 10:38:32', false, 'Keylex', 'AcLeoPellentesque.mp3', 'elementum ligula vehicula consequat morbi a ipsum integer a nibh in quis justo maecenas rhoncus aliquam lacus', 876, 58, 'Job');
insert into books (id, pub_date, is_bestseller, slug, image, description, price, discount, title) values (25, '2020-10-04 20:58:04', true, 'Duobam', 'CuraeNullaDapibus.mpeg', 'ultrices erat tortor sollicitudin mi sit amet lobortis sapien sapien non', 410, 9, 'Ventosanzap');
insert into books (id, pub_date, is_bestseller, slug, image, description, price, discount, title) values (26, '2020-11-26 00:36:48', true, 'Y-find', 'EtMagnisDis.mov', 'augue vel accumsan tellus nisi eu orci mauris lacinia sapien quis libero nullam sit amet', 4182, 50, 'Duobam');
insert into books (id, pub_date, is_bestseller, slug, image, description, price, discount, title) values (27, '2020-11-08 07:25:09', true, 'Redhold', 'EleifendQuamA.xls', 'at ipsum ac tellus semper interdum mauris ullamcorper purus sit amet', 1342, 90, 'Duobam');
insert into books (id, pub_date, is_bestseller, slug, image, description, price, discount, title) values (28, '2020-11-18 04:58:32', false, 'Zathin', 'LigulaSuspendisseOrnare.jpeg', 'eu felis fusce posuere felis sed lacus morbi sem mauris laoreet', 4321, 88, 'Viva');
insert into books (id, pub_date, is_bestseller, slug, image, description, price, discount, title) values (29, '2020-07-31 13:05:01', false, 'Redhold', 'InConsequat.avi', 'lobortis ligula sit amet eleifend pede libero quis orci nullam molestie nibh in lectus pellentesque at nulla suspendisse potenti', 3014, 36, 'Flowdesk');
insert into books (id, pub_date, is_bestseller, slug, image, description, price, discount, title) values (30, '2021-01-01 13:46:57', false, 'Redhold', 'MagnaAcConsequat.png', 'nisi nam ultrices libero non mattis pulvinar nulla pede ullamcorper augue a suscipit nulla elit ac nulla sed vel', 3009, 81, 'Hatity');
insert into books (id, pub_date, is_bestseller, slug, image, description, price, discount, title) values (31, '2020-05-13 19:03:40', false, 'Cardguard', 'QuisqueUt.gif', 'vel ipsum praesent blandit lacinia erat vestibulum sed magna at nunc commodo placerat praesent blandit nam nulla integer', 1153, 0, 'Fix San');
insert into books (id, pub_date, is_bestseller, slug, image, description, price, discount, title) values (32, '2020-06-05 00:38:42', false, 'Redhold', 'Lorem.mov', 'sem sed sagittis nam congue risus semper porta volutpat quam pede lobortis ligula sit', 375, 85, 'Matsoft');
insert into books (id, pub_date, is_bestseller, slug, image, description, price, discount, title) values (33, '2021-01-25 05:02:53', true, 'Mat Lam Tam', 'EnimBlandit.xls', 'suscipit ligula in lacus curabitur at ipsum ac tellus semper interdum mauris ullamcorper purus sit', 1354, 3, 'Alphazap');
insert into books (id, pub_date, is_bestseller, slug, image, description, price, discount, title) values (34, '2020-07-27 22:54:53', true, 'Y-find', 'CurabiturConvallisDuis.ppt', 'pede ac diam cras pellentesque volutpat dui maecenas tristique est et', 1598, 61, 'Voltsillam');
insert into books (id, pub_date, is_bestseller, slug, image, description, price, discount, title) values (35, '2020-11-05 14:10:13', false, 'Stronghold', 'A.xls', 'ante ipsum primis in faucibus orci luctus et ultrices posuere cubilia curae donec pharetra magna vestibulum', 718, 74, 'Y-Solowarm');
insert into books (id, pub_date, is_bestseller, slug, image, description, price, discount, title) values (36, '2020-07-03 17:02:05', true, 'Transcof', 'A.mp3', 'venenatis non sodales sed tincidunt eu felis fusce posuere felis sed lacus morbi sem mauris laoreet ut', 3219, 58, 'Keylex');
insert into books (id, pub_date, is_bestseller, slug, image, description, price, discount, title) values (37, '2020-11-05 03:26:59', true, 'Asoka', 'LobortisConvallis.xls', 'nullam molestie nibh in lectus pellentesque at nulla suspendisse potenti cras in purus eu magna', 2172, 36, 'Stim');
insert into books (id, pub_date, is_bestseller, slug, image, description, price, discount, title) values (38, '2021-04-24 00:43:20', false, 'Lotlux', 'Commodo.png', 'mi nulla ac enim in tempor turpis nec euismod scelerisque quam', 3980, 74, 'Zathin');
insert into books (id, pub_date, is_bestseller, slug, image, description, price, discount, title) values (39, '2021-02-13 04:40:44', true, 'Bitchip', 'NamTristiqueTortor.xls', 'sollicitudin vitae consectetuer eget rutrum at lorem integer tincidunt ante', 1906, 53, 'Redhold');
insert into books (id, pub_date, is_bestseller, slug, image, description, price, discount, title) values (40, '2020-10-07 00:39:40', false, 'Alphazap', 'Tellus.txt', 'tincidunt eu felis fusce posuere felis sed lacus morbi sem mauris laoreet ut rhoncus aliquet pulvinar sed', 1320, 86, 'Daltfresh');
insert into books (id, pub_date, is_bestseller, slug, image, description, price, discount, title) values (41, '2020-08-19 06:07:15', true, 'Subin', 'VestibulumAnteIpsum.tiff', 'ac diam cras pellentesque volutpat dui maecenas tristique est et tempus semper est quam pharetra magna ac consequat', 1933, 3, 'Redhold');
insert into books (id, pub_date, is_bestseller, slug, image, description, price, discount, title) values (42, '2020-09-05 03:43:05', false, 'Quo Lux', 'Vestibulum.doc', 'accumsan felis ut at dolor quis odio consequat varius integer ac', 4397, 48, 'Prodder');
insert into books (id, pub_date, is_bestseller, slug, image, description, price, discount, title) values (43, '2021-01-27 09:26:44', false, 'Tresom', 'Luctus.xls', 'convallis duis consequat dui nec nisi volutpat eleifend donec ut dolor morbi', 1056, 7, 'Bitwolf');
insert into books (id, pub_date, is_bestseller, slug, image, description, price, discount, title) values (44, '2021-03-14 00:33:14', true, 'Ventosanzap', 'MorbiOdioOdio.mpeg', 'penatibus et magnis dis parturient montes nascetur ridiculus mus etiam vel augue', 620, 81, 'Overhold');
insert into books (id, pub_date, is_bestseller, slug, image, description, price, discount, title) values (45, '2020-11-09 06:55:44', true, 'Biodex', 'PlateaDictumstAliquam.xls', 'in porttitor pede justo eu massa donec dapibus duis at velit eu est congue', 3081, 61, 'Fix San');
insert into books (id, pub_date, is_bestseller, slug, image, description, price, discount, title) values (46, '2020-10-17 02:58:38', true, 'Stringtough', 'Luctus.mpeg', 'ipsum dolor sit amet consectetuer adipiscing elit proin interdum mauris non ligula pellentesque ultrices phasellus id sapien in', 3151, 80, 'Toughjoyfax');
insert into books (id, pub_date, is_bestseller, slug, image, description, price, discount, title) values (47, '2020-07-19 11:40:24', false, 'Opela', 'Libero.xls', 'est quam pharetra magna ac consequat metus sapien ut nunc vestibulum ante ipsum primis', 3911, 81, 'Prodder');
insert into books (id, pub_date, is_bestseller, slug, image, description, price, discount, title) values (48, '2020-09-20 10:16:16', true, 'Sub-Ex', 'Eu.jpeg', 'eget tincidunt eget tempus vel pede morbi porttitor lorem id', 4212, 37, 'Bigtax');
insert into books (id, pub_date, is_bestseller, slug, image, description, price, discount, title) values (49, '2021-01-21 16:26:19', false, 'Overhold', 'Interdum.avi', 'felis ut at dolor quis odio consequat varius integer ac leo pellentesque ultrices mattis odio donec vitae nisi', 379, 27, 'Solarbreeze');
insert into books (id, pub_date, is_bestseller, slug, image, description, price, discount, title) values (50, '2020-09-18 05:35:17', true, 'Voyatouch', 'InFaucibusOrci.avi', 'ornare consequat lectus in est risus auctor sed tristique in tempus sit amet sem fusce consequat nulla nisl nunc', 563, 20, 'Cardify');
insert into books (id, pub_date, is_bestseller, slug, image, description, price, discount, title) values (51, '2020-08-09 06:56:54', true, 'Aerified', 'UltricesPosuere.avi', 'eget eros elementum pellentesque quisque porta volutpat erat quisque erat eros viverra eget congue eget semper rutrum nulla nunc', 4272, 63, 'Flexidy');
insert into books (id, pub_date, is_bestseller, slug, image, description, price, discount, title) values (52, '2020-12-26 20:07:39', true, 'Voyatouch', 'JustoPellentesque.jpeg', 'a ipsum integer a nibh in quis justo maecenas rhoncus aliquam', 1163, 38, 'Ventosanzap');
insert into books (id, pub_date, is_bestseller, slug, image, description, price, discount, title) values (53, '2020-06-02 12:53:32', true, 'Konklux', 'Nullam.avi', 'non pretium quis lectus suspendisse potenti in eleifend quam a odio in hac habitasse', 2573, 45, 'Cookley');
insert into books (id, pub_date, is_bestseller, slug, image, description, price, discount, title) values (54, '2021-01-31 04:32:53', true, 'Stim', 'TurpisNecEuismod.mp3', 'vitae nisl aenean lectus pellentesque eget nunc donec quis orci eget', 3020, 66, 'Tresom');
insert into books (id, pub_date, is_bestseller, slug, image, description, price, discount, title) values (55, '2020-06-28 09:05:32', false, 'Voltsillam', 'VulputateUt.xls', 'elementum in hac habitasse platea dictumst morbi vestibulum velit id pretium iaculis diam erat fermentum justo nec condimentum', 1166, 7, 'Regrant');
insert into books (id, pub_date, is_bestseller, slug, image, description, price, discount, title) values (56, '2020-09-28 10:37:40', true, 'Job', 'LaciniaSapienQuis.tiff', 'id massa id nisl venenatis lacinia aenean sit amet justo morbi ut odio cras mi pede malesuada in imperdiet', 2406, 58, 'Redhold');
insert into books (id, pub_date, is_bestseller, slug, image, description, price, discount, title) values (57, '2021-01-30 00:59:11', true, 'Flowdesk', 'Habitasse.mp3', 'nisl venenatis lacinia aenean sit amet justo morbi ut odio cras mi pede malesuada in imperdiet et commodo vulputate', 4596, 68, 'Duobam');
insert into books (id, pub_date, is_bestseller, slug, image, description, price, discount, title) values (58, '2020-12-29 23:13:50', false, 'Bytecard', 'NibhLigulaNec.mp3', 'nec molestie sed justo pellentesque viverra pede ac diam cras pellentesque', 4574, 4, 'Regrant');
insert into books (id, pub_date, is_bestseller, slug, image, description, price, discount, title) values (59, '2021-04-12 12:56:38', false, 'Vagram', 'MorbiPorttitorLorem.avi', 'purus sit amet nulla quisque arcu libero rutrum ac lobortis vel dapibus at diam nam tristique tortor', 3430, 9, 'Zontrax');
insert into books (id, pub_date, is_bestseller, slug, image, description, price, discount, title) values (60, '2021-02-07 14:21:37', true, 'Aerified', 'Duis.tiff', 'lorem vitae mattis nibh ligula nec sem duis aliquam convallis nunc proin at', 4574, 25, 'Konklab');
insert into books (id, pub_date, is_bestseller, slug, image, description, price, discount, title) values (61, '2020-09-05 13:35:00', true, 'Asoka', 'LoremId.avi', 'sapien ut nunc vestibulum ante ipsum primis in faucibus orci luctus et ultrices posuere cubilia curae mauris viverra', 2382, 5, 'Trippledex');
insert into books (id, pub_date, is_bestseller, slug, image, description, price, discount, title) values (62, '2021-01-01 10:10:05', true, 'Biodex', 'ViverraPede.ppt', 'proin at turpis a pede posuere nonummy integer non velit', 2048, 81, 'Mat Lam Tam');
insert into books (id, pub_date, is_bestseller, slug, image, description, price, discount, title) values (63, '2021-03-24 10:08:06', true, 'Transcof', 'CuraeNullaDapibus.gif', 'dui proin leo odio porttitor id consequat in consequat ut nulla sed accumsan felis ut at dolor quis odio consequat', 3397, 26, 'Opela');
insert into books (id, pub_date, is_bestseller, slug, image, description, price, discount, title) values (64, '2020-11-15 04:36:02', true, 'Konklab', 'Curabitur.tiff', 'luctus et ultrices posuere cubilia curae duis faucibus accumsan odio curabitur convallis duis consequat dui', 1322, 85, 'Tampflex');
insert into books (id, pub_date, is_bestseller, slug, image, description, price, discount, title) values (65, '2020-09-30 18:13:13', false, 'Konklux', 'PellentesqueQuisquePorta.mp3', 'habitasse platea dictumst maecenas ut massa quis augue luctus tincidunt nulla mollis molestie lorem', 1493, 31, 'Y-find');
insert into books (id, pub_date, is_bestseller, slug, image, description, price, discount, title) values (66, '2021-01-19 16:59:08', false, 'Tresom', 'Ultrices.txt', 'ut dolor morbi vel lectus in quam fringilla rhoncus mauris enim leo rhoncus sed', 4977, 61, 'Toughjoyfax');
insert into books (id, pub_date, is_bestseller, slug, image, description, price, discount, title) values (67, '2020-05-30 04:31:25', true, 'Sonsing', 'VestibulumQuam.mp3', 'elit proin interdum mauris non ligula pellentesque ultrices phasellus id sapien in sapien iaculis congue vivamus', 4313, 75, 'Fintone');
insert into books (id, pub_date, is_bestseller, slug, image, description, price, discount, title) values (68, '2021-03-02 10:47:17', true, 'Fintone', 'Neque.ppt', 'posuere cubilia curae mauris viverra diam vitae quam suspendisse potenti', 1491, 57, 'Gembucket');
insert into books (id, pub_date, is_bestseller, slug, image, description, price, discount, title) values (69, '2021-04-28 18:25:23', true, 'Gembucket', 'VehiculaConsequatMorbi.xls', 'iaculis justo in hac habitasse platea dictumst etiam faucibus cursus', 1090, 0, 'Tresom');
insert into books (id, pub_date, is_bestseller, slug, image, description, price, discount, title) values (70, '2020-10-13 06:48:47', true, 'Pannier', 'Lacinia.doc', 'morbi non lectus aliquam sit amet diam in magna bibendum imperdiet nullam orci pede', 4024, 63, 'Stringtough');
insert into books (id, pub_date, is_bestseller, slug, image, description, price, discount, title) values (71, '2020-05-21 20:34:27', false, 'Regrant', 'CongueEget.ppt', 'accumsan tellus nisi eu orci mauris lacinia sapien quis libero nullam sit amet', 466, 34, 'Andalax');
insert into books (id, pub_date, is_bestseller, slug, image, description, price, discount, title) values (72, '2020-05-17 02:26:37', true, 'It', 'Nullam.jpeg', 'volutpat erat quisque erat eros viverra eget congue eget semper rutrum nulla nunc purus phasellus in felis donec semper sapien', 3535, 74, 'Subin');
insert into books (id, pub_date, is_bestseller, slug, image, description, price, discount, title) values (73, '2020-10-10 12:09:47', true, 'Subin', 'Lacinia.gif', 'massa id lobortis convallis tortor risus dapibus augue vel accumsan tellus nisi eu orci mauris lacinia', 3948, 76, 'Viva');
insert into books (id, pub_date, is_bestseller, slug, image, description, price, discount, title) values (74, '2020-09-29 11:44:39', false, 'Toughjoyfax', 'PrimisIn.ppt', 'tempor convallis nulla neque libero convallis eget eleifend luctus ultricies eu nibh quisque id justo sit amet sapien dignissim', 2533, 63, 'Home Ing');
insert into books (id, pub_date, is_bestseller, slug, image, description, price, discount, title) values (75, '2020-11-06 08:18:04', true, 'Fintone', 'MaurisLaciniaSapien.mpeg', 'vel nisl duis ac nibh fusce lacus purus aliquet at feugiat non pretium quis lectus suspendisse potenti', 2652, 83, 'Zamit');
insert into books (id, pub_date, is_bestseller, slug, image, description, price, discount, title) values (76, '2021-01-21 12:21:17', false, 'Flexidy', 'ConsectetuerAdipiscingElit.tiff', 'mauris non ligula pellentesque ultrices phasellus id sapien in sapien iaculis congue vivamus metus arcu adipiscing molestie hendrerit at vulputate', 4311, 64, 'Zontrax');
insert into books (id, pub_date, is_bestseller, slug, image, description, price, discount, title) values (77, '2020-12-20 02:46:11', true, 'Home Ing', 'Dolor.tiff', 'eget semper rutrum nulla nunc purus phasellus in felis donec semper', 757, 10, 'Kanlam');
insert into books (id, pub_date, is_bestseller, slug, image, description, price, discount, title) values (78, '2020-12-09 04:09:24', false, 'Temp', 'MollisMolestieLorem.xls', 'pellentesque viverra pede ac diam cras pellentesque volutpat dui maecenas tristique', 4848, 56, 'Duobam');
insert into books (id, pub_date, is_bestseller, slug, image, description, price, discount, title) values (79, '2020-06-05 08:27:26', false, 'Daltfresh', 'CurabiturAtIpsum.jpeg', 'egestas metus aenean fermentum donec ut mauris eget massa tempor convallis nulla neque libero convallis', 1208, 58, 'Stronghold');
insert into books (id, pub_date, is_bestseller, slug, image, description, price, discount, title) values (80, '2021-03-31 06:09:35', false, 'Toughjoyfax', 'PlaceratPraesent.mp3', 'rutrum at lorem integer tincidunt ante vel ipsum praesent blandit lacinia erat vestibulum sed magna at nunc commodo placerat', 4572, 54, 'Namfix');
insert into books (id, pub_date, is_bestseller, slug, image, description, price, discount, title) values (81, '2020-07-05 06:27:19', false, 'Fix San', 'Ante.tiff', 'sapien urna pretium nisl ut volutpat sapien arcu sed augue', 3567, 65, 'Flexidy');
insert into books (id, pub_date, is_bestseller, slug, image, description, price, discount, title) values (82, '2021-01-11 01:04:37', false, 'Trippledex', 'ALibero.avi', 'nam congue risus semper porta volutpat quam pede lobortis ligula sit amet eleifend pede libero quis', 369, 23, 'Greenlam');
insert into books (id, pub_date, is_bestseller, slug, image, description, price, discount, title) values (83, '2020-10-28 19:10:56', false, 'Zontrax', 'PulvinarLobortis.ppt', 'mi sit amet lobortis sapien sapien non mi integer ac neque duis', 4251, 24, 'Span');
insert into books (id, pub_date, is_bestseller, slug, image, description, price, discount, title) values (84, '2020-10-03 22:47:59', false, 'Zontrax', 'AmetNullaQuisque.mov', 'commodo placerat praesent blandit nam nulla integer pede justo lacinia eget tincidunt', 949, 44, 'Bitwolf');
insert into books (id, pub_date, is_bestseller, slug, image, description, price, discount, title) values (85, '2020-11-07 08:51:49', true, 'Zoolab', 'Erat.tiff', 'placerat ante nulla justo aliquam quis turpis eget elit sodales scelerisque mauris sit amet eros suspendisse accumsan tortor quis turpis', 1104, 12, 'Konklab');
insert into books (id, pub_date, is_bestseller, slug, image, description, price, discount, title) values (86, '2021-01-06 07:07:27', true, 'Flexidy', 'Quis.mov', 'turpis a pede posuere nonummy integer non velit donec diam neque vestibulum', 2233, 82, 'Tampflex');
insert into books (id, pub_date, is_bestseller, slug, image, description, price, discount, title) values (87, '2020-12-11 23:58:06', true, 'Ventosanzap', 'SemperPortaVolutpat.tiff', 'mi in porttitor pede justo eu massa donec dapibus duis at velit eu est congue elementum in hac', 2411, 41, 'Matsoft');
insert into books (id, pub_date, is_bestseller, slug, image, description, price, discount, title) values (88, '2020-09-22 04:04:35', true, 'Tresom', 'AliquamLacus.mp3', 'ante vestibulum ante ipsum primis in faucibus orci luctus et ultrices posuere cubilia curae', 1091, 50, 'Zaam-Dox');
insert into books (id, pub_date, is_bestseller, slug, image, description, price, discount, title) values (89, '2020-07-17 19:14:24', false, 'It', 'PurusSitAmet.txt', 'risus auctor sed tristique in tempus sit amet sem fusce', 2283, 85, 'Rank');
insert into books (id, pub_date, is_bestseller, slug, image, description, price, discount, title) values (90, '2021-01-22 10:53:09', true, 'Cardify', 'PenatibusEtMagnis.avi', 'dapibus nulla suscipit ligula in lacus curabitur at ipsum ac', 2775, 42, 'Matsoft');
insert into books (id, pub_date, is_bestseller, slug, image, description, price, discount, title) values (91, '2020-11-16 11:05:01', true, 'Greenlam', 'VelitId.xls', 'lectus aliquam sit amet diam in magna bibendum imperdiet nullam orci pede', 3394, 50, 'Voyatouch');
insert into books (id, pub_date, is_bestseller, slug, image, description, price, discount, title) values (92, '2021-03-08 15:56:23', false, 'Pannier', 'BlanditNonInterdum.jpeg', 'proin at turpis a pede posuere nonummy integer non velit donec diam neque vestibulum eget vulputate ut ultrices vel', 4366, 64, 'Subin');
insert into books (id, pub_date, is_bestseller, slug, image, description, price, discount, title) values (93, '2020-06-16 17:49:35', true, 'Zontrax', 'Tristique.avi', 'convallis duis consequat dui nec nisi volutpat eleifend donec ut dolor morbi vel lectus in quam fringilla rhoncus', 1656, 53, 'Cardguard');
insert into books (id, pub_date, is_bestseller, slug, image, description, price, discount, title) values (94, '2021-03-11 16:03:34', false, 'Tempsoft', 'AdipiscingElitProin.ppt', 'semper est quam pharetra magna ac consequat metus sapien ut nunc vestibulum ante ipsum primis in faucibus orci luctus et', 4904, 56, 'Duobam');
insert into books (id, pub_date, is_bestseller, slug, image, description, price, discount, title) values (95, '2020-06-29 01:56:49', true, 'Transcof', 'DuiVel.ppt', 'sit amet justo morbi ut odio cras mi pede malesuada in imperdiet et commodo', 1688, 31, 'Matsoft');
insert into books (id, pub_date, is_bestseller, slug, image, description, price, discount, title) values (96, '2020-07-28 06:17:45', false, 'Latlux', 'Lobortis.doc', 'convallis eget eleifend luctus ultricies eu nibh quisque id justo sit amet', 3944, 4, 'Namfix');
insert into books (id, pub_date, is_bestseller, slug, image, description, price, discount, title) values (97, '2020-12-30 11:32:14', false, 'Namfix', 'Pharetra.jpeg', 'a libero nam dui proin leo odio porttitor id consequat in consequat ut nulla sed', 2961, 11, 'Aerified');
insert into books (id, pub_date, is_bestseller, slug, image, description, price, discount, title) values (98, '2020-12-13 13:16:20', false, 'Konklab', 'NullaMollis.ppt', 'vestibulum ante ipsum primis in faucibus orci luctus et ultrices posuere cubilia curae duis faucibus accumsan odio', 1650, 26, 'Gembucket');
insert into books (id, pub_date, is_bestseller, slug, image, description, price, discount, title) values (99, '2020-10-31 06:21:33', false, 'Namfix', 'Eget.ppt', 'sodales sed tincidunt eu felis fusce posuere felis sed lacus morbi sem mauris laoreet ut rhoncus aliquet', 929, 26, 'Rank');
insert into books (id, pub_date, is_bestseller, slug, image, description, price, discount, title) values (100, '2020-05-17 20:47:02', true, 'Redhold', 'TurpisSedAnte.tiff', 'viverra diam vitae quam suspendisse potenti nullam porttitor lacus at turpis', 416, 84, 'It');
insert into authors (id, description, name, photo, slug) values (1, 'Magda Skedgell', 'Eyde Pydcock', 'Adipiscing.mp3', 'Lebbie Carslaw');
insert into authors (id, description, name, photo, slug) values (2, 'Percival Pruvost', 'Delores Yabsley', 'Luctus.mp3', 'Inglis Levesley');
insert into authors (id, description, name, photo, slug) values (3, 'Albertine Skarman', 'Reinaldo Norgate', 'AnteVel.ppt', 'Frieda Waryk');
insert into authors (id, description, name, photo, slug) values (4, 'Noelle McTerlagh', 'Corey Haggerstone', 'ElitSodalesScelerisque.xls', 'Farleigh Farland');
insert into authors (id, description, name, photo, slug) values (5, 'Leoine Lockitt', 'Alfreda Pape', 'VestibulumQuam.avi', 'Reina Vina');
insert into authors (id, description, name, photo, slug) values (6, 'Felice McLeish', 'Blithe Sisnett', 'VitaeQuamSuspendisse.doc', 'Xaviera Odeson');
insert into authors (id, description, name, photo, slug) values (7, 'Jesse Flint', 'Evangeline Lees', 'Quisque.mp3', 'Brose Wolfarth');
insert into authors (id, description, name, photo, slug) values (8, 'Zarla Brithman', 'Ursala Scamaden', 'Gravida.mp3', 'Denise Rossborough');
insert into authors (id, description, name, photo, slug) values (9, 'Kathryne Duckwith', 'Gauthier Djorvic', 'SemMauris.xls', 'Suzanna Dabinett');
insert into authors (id, description, name, photo, slug) values (10, 'Shurlock Capehorn', 'Ronni Kirkpatrick', 'NullaUltricesAliquet.xls', 'Nicoli Wales');
insert into authors (id, description, name, photo, slug) values (11, 'Meir Shallcross', 'Dolli Ditch', 'TristiqueEst.avi', 'Jeanette Nunnerley');
insert into authors (id, description, name, photo, slug) values (12, 'Pasquale Ricardou', 'Emmeline Reville', 'VelitDonec.tiff', 'Faythe Pickavance');
insert into authors (id, description, name, photo, slug) values (13, 'Emmerich Fischer', 'Hi Strippling', 'AnteVel.pdf', 'Osgood Skase');
insert into authors (id, description, name, photo, slug) values (14, 'Georgena Adair', 'Adora Martinson', 'NibhInHac.xls', 'Cass Abramski');
insert into authors (id, description, name, photo, slug) values (15, 'Sibella Burniston', 'Amitie Coonan', 'FelisEuSapien.png', 'Ade Schettini');
insert into authors (id, description, name, photo, slug) values (16, 'Heida Stebbing', 'Marie-jeanne Apple', 'InCongueEtiam.avi', 'Viva Beldam');
insert into authors (id, description, name, photo, slug) values (17, 'Boone Bennett', 'Moishe Pancast', 'UltricesErat.mov', 'Darryl Elner');
insert into authors (id, description, name, photo, slug) values (18, 'Ara Frontczak', 'Arline Smorthit', 'ConsequatVariusInteger.ppt', 'Lorain Bonifacio');
insert into authors (id, description, name, photo, slug) values (19, 'Walsh Claus', 'Eustace Hucknall', 'AdipiscingElitProin.doc', 'Margarita Handover');
insert into authors (id, description, name, photo, slug) values (20, 'Boris Churchley', 'Bernita Tarney', 'EratVestibulum.pdf', 'Burty Arrol');
insert into authors (id, description, name, photo, slug) values (21, 'Edyth O'' Connell', 'Maximilianus Evason', 'Elementum.ppt', 'Yuma Seeborne');
insert into authors (id, description, name, photo, slug) values (22, 'Tally Tumbelty', 'Madeleine Bain', 'Ultrices.mp3', 'Kevina Tidmas');
insert into authors (id, description, name, photo, slug) values (23, 'Ermentrude Du Pre', 'Rainer Fishly', 'SapienVarius.tiff', 'Kenon Berringer');
insert into authors (id, description, name, photo, slug) values (24, 'Helena Nerheny', 'Rita Sim', 'MaurisSit.xls', 'D''arcy Jansa');
insert into authors (id, description, name, photo, slug) values (25, 'Mead Tongs', 'Emile Amner', 'Vitae.mpeg', 'Debbi Duferie');
insert into authors (id, description, name, photo, slug) values (26, 'Breena Spilsburie', 'Waldemar Gurnee', 'Mauris.doc', 'Filide McVey');
insert into authors (id, description, name, photo, slug) values (27, 'Ev Leyes', 'Ken Pocke', 'DictumstEtiam.xls', 'Helena Lemanu');
insert into authors (id, description, name, photo, slug) values (28, 'Jori Boother', 'Jana Swiffen', 'VivamusTortorDuis.pdf', 'Donni Feeley');
insert into authors (id, description, name, photo, slug) values (29, 'Heinrik Palfrie', 'Roseanne Gumme', 'Erat.xls', 'Alfreda Hoggin');
insert into authors (id, description, name, photo, slug) values (30, 'Ardis Bardnam', 'Deena Howells', 'Nullam.tiff', 'Callean Greensmith');
insert into authors (id, description, name, photo, slug) values (31, 'Rosemarie O''Sheils', 'Cosmo Maletratt', 'AmetErat.tiff', 'Beltran Jedrzejewski');
insert into authors (id, description, name, photo, slug) values (32, 'Jamima Bhatia', 'Dyanne Labrone', 'SitAmet.doc', 'Jasper Odger');
insert into authors (id, description, name, photo, slug) values (33, 'Clyve Odda', 'Burch Rottenbury', 'Turpis.ppt', 'Bartholemy Robez');
insert into authors (id, description, name, photo, slug) values (34, 'Jaquith McMichael', 'Cristian Pauls', 'Vel.avi', 'Anders Mays');
insert into authors (id, description, name, photo, slug) values (35, 'Helge Millichap', 'Norbie Rickersey', 'OdioIn.xls', 'Linnea Hinchshaw');
insert into authors (id, description, name, photo, slug) values (36, 'Elna Grigori', 'Marty Hillock', 'BlanditUltrices.doc', 'Valentia Maydway');
insert into authors (id, description, name, photo, slug) values (37, 'Odelinda Gummory', 'Kakalina Scotson', 'EstLaciniaNisi.ppt', 'Ninon Middle');
insert into authors (id, description, name, photo, slug) values (38, 'Heywood Janeway', 'Mischa Bastin', 'At.mp3', 'Urbain Basil');
insert into authors (id, description, name, photo, slug) values (39, 'Ahmad Gooda', 'Sansone Pochin', 'BlanditMiIn.ppt', 'Sibley Vautrey');
insert into authors (id, description, name, photo, slug) values (40, 'Thoma Greatorex', 'Moll Offa', 'Ligula.mpeg', 'Darci McKeachie');
insert into authors (id, description, name, photo, slug) values (41, 'Amandy Meaking', 'Isidoro Carde', 'LuctusUltriciesEu.mov', 'Verine Perrycost');
insert into authors (id, description, name, photo, slug) values (42, 'Micaela Neylan', 'Cristina Curgenven', 'NatoquePenatibusEt.avi', 'Theo Dorbon');
insert into authors (id, description, name, photo, slug) values (43, 'Margaret Errey', 'Annette O'' Quirk', 'ConvallisNulla.mp3', 'Emlyn Dyble');
insert into authors (id, description, name, photo, slug) values (44, 'Inessa Christofle', 'Blinni Dickie', 'Nec.avi', 'Ophelie Rubinow');
insert into authors (id, description, name, photo, slug) values (45, 'Olvan Buxam', 'Scotti Aarons', 'ViverraDiamVitae.xls', 'Martita Romanelli');
insert into authors (id, description, name, photo, slug) values (46, 'Fanchon Corran', 'Bradley Tebboth', 'CondimentumIdLuctus.mpeg', 'Vina Abotson');
insert into authors (id, description, name, photo, slug) values (47, 'Zerk Jost', 'Aloin Pochon', 'Sed.txt', 'Belle Lowndes');
insert into authors (id, description, name, photo, slug) values (48, 'Beulah Gaylor', 'Pepi Tebb', 'PurusEu.mp3', 'Emery Handscombe');
insert into authors (id, description, name, photo, slug) values (49, 'Win Twinborne', 'Beale Sinnat', 'PellentesqueUltricesPhasellus.doc', 'Judye Chartres');
insert into authors (id, description, name, photo, slug) values (50, 'Netty Slocum', 'Amalle Pasticznyk', 'Aliquet.xls', 'Crosby Gabites');
insert into authors (id, description, name, photo, slug) values (51, 'Fanya Offner', 'Koenraad Coburn', 'Eleifend.mp3', 'Carly Michin');
insert into authors (id, description, name, photo, slug) values (52, 'Velma Dike', 'Aileen Aggis', 'Eu.txt', 'Chevy Ateridge');
insert into authors (id, description, name, photo, slug) values (53, 'Adina Jeandeau', 'Gil Greyes', 'PretiumIaculis.ppt', 'Rock Devoy');
insert into authors (id, description, name, photo, slug) values (54, 'Margret Drakes', 'Yardley Harraway', 'AcEst.ppt', 'Angy Cutford');
insert into authors (id, description, name, photo, slug) values (55, 'Cordelia Brockman', 'Dukey Lethabridge', 'Fermentum.pdf', 'Albert Hastwall');
insert into authors (id, description, name, photo, slug) values (56, 'Saree Noone', 'Reuven Colegrove', 'Amet.mp3', 'Gil Phillimore');
insert into authors (id, description, name, photo, slug) values (57, 'Yasmeen Faiers', 'Darsie Beininck', 'BibendumMorbiNon.jpeg', 'Alyse Rountree');
insert into authors (id, description, name, photo, slug) values (58, 'Ryann Sharpling', 'Lexine Hulland', 'SuspendissePotenti.doc', 'Sigmund Whate');
insert into authors (id, description, name, photo, slug) values (59, 'Jarad Tuiller', 'Kendra Dolling', 'Fusce.mp3', 'Saraann Gambell');
insert into authors (id, description, name, photo, slug) values (60, 'Steffie Tompkiss', 'Quill Dugood', 'TempusSemperEst.txt', 'Garrett Fishburn');
insert into authors (id, description, name, photo, slug) values (61, 'Neely De Lascy', 'Granthem Turmall', 'UtTellus.xls', 'Alejandra Ledgerton');
insert into authors (id, description, name, photo, slug) values (62, 'Agnesse Volant', 'Flor Kellick', 'MiPedeMalesuada.xls', 'Heida Kille');
insert into authors (id, description, name, photo, slug) values (63, 'Petey Rappaport', 'Rheta Searles', 'LectusPellentesque.jpeg', 'Stanford Flowerdew');
insert into authors (id, description, name, photo, slug) values (64, 'Todd Thoresbie', 'Drusy Tart', 'Rhoncus.ppt', 'Elijah Coleby');
insert into authors (id, description, name, photo, slug) values (65, 'Rogers Hallitt', 'Archibold Shall', 'MetusVitaeIpsum.mp3', 'Jerad Jackling');
insert into authors (id, description, name, photo, slug) values (66, 'Ebenezer Summerhayes', 'Ricki Pyburn', 'VulputateNonummyMaecenas.pdf', 'Natale Bode');
insert into authors (id, description, name, photo, slug) values (67, 'Charil Frondt', 'Mimi Terne', 'Fusce.xls', 'Alberik Secretan');
insert into authors (id, description, name, photo, slug) values (68, 'Salomi Bleackley', 'Aurie McGeagh', 'Arcu.gif', 'Keelia Bartalucci');
insert into authors (id, description, name, photo, slug) values (69, 'Olivette Ettels', 'Ninette Streatfeild', 'NonVelitDonec.tiff', 'Paulie Frayling');
insert into authors (id, description, name, photo, slug) values (70, 'Lee Coumbe', 'Cortie Ritelli', 'Proin.xls', 'Alia Plante');
insert into authors (id, description, name, photo, slug) values (71, 'Tiphanie Dayes', 'Sherline Hooke', 'VitaeIpsum.ppt', 'Killie Angrock');
insert into authors (id, description, name, photo, slug) values (72, 'Ganny Wilkins', 'Casar Normanville', 'VivamusTortor.xls', 'Caralie Barnewille');
insert into authors (id, description, name, photo, slug) values (73, 'Theresita Nanetti', 'Sabra Horsburgh', 'Scelerisque.xls', 'Agustin Biaggi');
insert into authors (id, description, name, photo, slug) values (74, 'Blaine Biaggiotti', 'Owen Abdee', 'Dapibus.png', 'Robb Cawson');
insert into authors (id, description, name, photo, slug) values (75, 'Amy Argont', 'Powell Elfleet', 'UltricesPosuere.mpeg', 'Katharina Dosdill');
insert into authors (id, description, name, photo, slug) values (76, 'Pepe Clemmow', 'Roxine Bolstridge', 'QuisOrciNullam.jpeg', 'Aloisia Rupp');
insert into authors (id, description, name, photo, slug) values (77, 'Wang Cavanagh', 'Reuben Bamford', 'EuOrci.jpeg', 'Delores Midgley');
insert into authors (id, description, name, photo, slug) values (78, 'Eugenia Pendle', 'Larine Judd', 'AmetNulla.tiff', 'Sarena MacCarlich');
insert into authors (id, description, name, photo, slug) values (79, 'Selena Leven', 'Angil Canada', 'At.xls', 'Roxi Kenworthey');
insert into authors (id, description, name, photo, slug) values (80, 'Garrot Kingscott', 'Edd Smellie', 'SitAmet.tiff', 'Goldarina Stockton');
insert into authors (id, description, name, photo, slug) values (81, 'Deana McCurrie', 'Roi Sterricks', 'MaecenasPulvinarLobortis.avi', 'Karlie Fitchew');
insert into authors (id, description, name, photo, slug) values (82, 'Alberto Woodthorpe', 'Roselin Gedling', 'Lectus.jpeg', 'Arnuad Sayles');
insert into authors (id, description, name, photo, slug) values (83, 'Ericha Matzl', 'Celisse Redfearn', 'RidiculusMus.jpeg', 'Flin Cobelli');
insert into authors (id, description, name, photo, slug) values (84, 'Haleigh Keets', 'Karlyn Wiburn', 'LiberoNam.ppt', 'Vally McGaughey');
insert into authors (id, description, name, photo, slug) values (85, 'Jasmine Burgyn', 'Correy Plant', 'Quis.jpeg', 'Adelina Orring');
insert into authors (id, description, name, photo, slug) values (86, 'Clarence Hicken', 'Shelley Maffei', 'EratNulla.mp3', 'Walliw Ackermann');
insert into authors (id, description, name, photo, slug) values (87, 'Melodee Keyhoe', 'Helena Ivanilov', 'Platea.jpeg', 'Harmon Macari');
insert into authors (id, description, name, photo, slug) values (88, 'Jory Ullyatt', 'Barbie Shelper', 'AliquetUltricesErat.tiff', 'Gweneth Archard');
insert into authors (id, description, name, photo, slug) values (89, 'Patty Laskey', 'Stacee Ganiford', 'AliquamErat.tiff', 'Lucia DelaField');
insert into authors (id, description, name, photo, slug) values (90, 'Urban Lamplough', 'Haleigh Rothert', 'IaculisJustoIn.xls', 'Stoddard Wethered');
insert into authors (id, description, name, photo, slug) values (91, 'Joelle Whitehead', 'Berthe Guerrero', 'PortaVolutpat.tiff', 'Hurley Glazier');
insert into authors (id, description, name, photo, slug) values (92, 'Renate Mertgen', 'Nicoline Dignall', 'Dui.xls', 'Jim Kern');
insert into authors (id, description, name, photo, slug) values (93, 'Vitoria Smellie', 'Darelle Chennells', 'Nec.ppt', 'Aloysius Sails');
insert into authors (id, description, name, photo, slug) values (94, 'Rosalynd Adriano', 'Darryl Fairholm', 'EgetTempusVel.xls', 'Fitzgerald Pennetta');
insert into authors (id, description, name, photo, slug) values (95, 'Mandy Hesey', 'Meredith Arnott', 'Duis.tiff', 'Jarrad D''Ugo');
insert into authors (id, description, name, photo, slug) values (96, 'Berti Geistbeck', 'Desmund Claremont', 'LeoOdio.png', 'Dulcy Pashba');
insert into authors (id, description, name, photo, slug) values (97, 'Jorge Lourens', 'Anderson Malden', 'GravidaNisi.ppt', 'Alina Vanlint');
insert into authors (id, description, name, photo, slug) values (98, 'Mord Haslock', 'Cilka Newcom', 'MollisMolestie.ppt', 'Jackie Batha');
insert into authors (id, description, name, photo, slug) values (99, 'Else Davidek', 'Shalna O'' Dornan', 'VulputateJustoIn.avi', 'Ronni Fanton');
insert into authors (id, description, name, photo, slug) values (100, 'Camey Andreia', 'Akim Wagstaff', 'TempusVel.xls', 'Ancell Thunderman');
insert into book2author (sort_index, author_id, book_id) values (9, 81, 72);
insert into book2author (sort_index, author_id, book_id) values (10, 97, 85);
insert into book2author (sort_index, author_id, book_id) values (2, 21, 40);
insert into book2author (sort_index, author_id, book_id) values (7, 25, 77);
insert into book2author (sort_index, author_id, book_id) values (4, 29, 75);
insert into book2author (sort_index, author_id, book_id) values (3, 69, 15);
insert into book2author (sort_index, author_id, book_id) values (3, 20, 19);
insert into book2author (sort_index, author_id, book_id) values (8, 20, 62);
insert into book2author (sort_index, author_id, book_id) values (9, 55, 78);
insert into book2author (sort_index, author_id, book_id) values (5, 2, 50);
insert into book2author (sort_index, author_id, book_id) values (9, 69, 28);
insert into book2author (sort_index, author_id, book_id) values (7, 5, 57);
insert into book2author (sort_index, author_id, book_id) values (10, 10, 74);
insert into book2author (sort_index, author_id, book_id) values (3, 71, 13);
insert into book2author (sort_index, author_id, book_id) values (10, 7, 82);
insert into book2author (sort_index, author_id, book_id) values (3, 93, 89);
insert into book2author (sort_index, author_id, book_id) values (2, 39, 47);
insert into book2author (sort_index, author_id, book_id) values (5, 48, 81);
insert into book2author (sort_index, author_id, book_id) values (1, 5, 43);
insert into book2author (sort_index, author_id, book_id) values (6, 15, 94);
insert into book2author (sort_index, author_id, book_id) values (6, 90, 82);
insert into book2author (sort_index, author_id, book_id) values (6, 22, 63);
insert into book2author (sort_index, author_id, book_id) values (1, 100, 10);
insert into book2author (sort_index, author_id, book_id) values (6, 78, 24);
insert into book2author (sort_index, author_id, book_id) values (8, 48, 34);
insert into book2author (sort_index, author_id, book_id) values (4, 41, 29);
insert into book2author (sort_index, author_id, book_id) values (7, 6, 16);
insert into book2author (sort_index, author_id, book_id) values (1, 92, 43);
insert into book2author (sort_index, author_id, book_id) values (7, 52, 74);
insert into book2author (sort_index, author_id, book_id) values (7, 54, 92);
insert into book2author (sort_index, author_id, book_id) values (1, 73, 37);
insert into book2author (sort_index, author_id, book_id) values (7, 59, 65);
insert into book2author (sort_index, author_id, book_id) values (5, 28, 68);
insert into book2author (sort_index, author_id, book_id) values (3, 25, 57);
insert into book2author (sort_index, author_id, book_id) values (9, 43, 97);
insert into book2author (sort_index, author_id, book_id) values (5, 14, 17);
insert into book2author (sort_index, author_id, book_id) values (5, 29, 10);
insert into book2author (sort_index, author_id, book_id) values (2, 11, 29);
insert into book2author (sort_index, author_id, book_id) values (9, 47, 42);
insert into book2author (sort_index, author_id, book_id) values (1, 27, 27);
insert into book2author (sort_index, author_id, book_id) values (5, 66, 12);
insert into book2author (sort_index, author_id, book_id) values (4, 17, 86);
insert into book2author (sort_index, author_id, book_id) values (1, 12, 5);
insert into book2author (sort_index, author_id, book_id) values (5, 45, 24);
insert into book2author (sort_index, author_id, book_id) values (2, 11, 56);
insert into book2author (sort_index, author_id, book_id) values (4, 74, 58);
insert into book2author (sort_index, author_id, book_id) values (8, 77, 14);
insert into book2author (sort_index, author_id, book_id) values (6, 81, 8);
insert into book2author (sort_index, author_id, book_id) values (8, 11, 24);
insert into book2author (sort_index, author_id, book_id) values (7, 57, 72);
insert into book2author (sort_index, author_id, book_id) values (1, 56, 52);
insert into book2author (sort_index, author_id, book_id) values (2, 82, 38);
insert into book2author (sort_index, author_id, book_id) values (3, 18, 7);
insert into book2author (sort_index, author_id, book_id) values (7, 36, 57);
insert into book2author (sort_index, author_id, book_id) values (5, 4, 41);
insert into book2author (sort_index, author_id, book_id) values (7, 77, 97);
insert into book2author (sort_index, author_id, book_id) values (3, 50, 22);
insert into book2author (sort_index, author_id, book_id) values (2, 6, 17);
insert into book2author (sort_index, author_id, book_id) values (4, 61, 8);
insert into book2author (sort_index, author_id, book_id) values (2, 62, 3);
insert into book2author (sort_index, author_id, book_id) values (10, 45, 28);
insert into book2author (sort_index, author_id, book_id) values (1, 17, 99);
insert into book2author (sort_index, author_id, book_id) values (10, 4, 6);
insert into book2author (sort_index, author_id, book_id) values (5, 6, 21);
insert into book2author (sort_index, author_id, book_id) values (3, 41, 9);
insert into book2author (sort_index, author_id, book_id) values (9, 3, 66);
insert into book2author (sort_index, author_id, book_id) values (3, 80, 73);
insert into book2author (sort_index, author_id, book_id) values (7, 10, 69);
insert into book2author (sort_index, author_id, book_id) values (9, 100, 95);
insert into book2author (sort_index, author_id, book_id) values (1, 79, 50);
insert into book2author (sort_index, author_id, book_id) values (2, 46, 45);
insert into book2author (sort_index, author_id, book_id) values (9, 20, 77);
insert into book2author (sort_index, author_id, book_id) values (1, 47, 86);
insert into book2author (sort_index, author_id, book_id) values (2, 93, 66);
insert into book2author (sort_index, author_id, book_id) values (9, 70, 90);
insert into book2author (sort_index, author_id, book_id) values (9, 90, 91);
insert into book2author (sort_index, author_id, book_id) values (10, 57, 54);
insert into book2author (sort_index, author_id, book_id) values (4, 75, 67);
insert into book2author (sort_index, author_id, book_id) values (7, 67, 49);
insert into book2author (sort_index, author_id, book_id) values (1, 29, 24);
insert into book2author (sort_index, author_id, book_id) values (8, 92, 11);
insert into book2author (sort_index, author_id, book_id) values (8, 64, 100);
insert into book2author (sort_index, author_id, book_id) values (8, 59, 1);
insert into book2author (sort_index, author_id, book_id) values (7, 40, 95);
insert into book2author (sort_index, author_id, book_id) values (5, 68, 71);
insert into book2author (sort_index, author_id, book_id) values (4, 1, 89);
insert into book2author (sort_index, author_id, book_id) values (10, 18, 46);
insert into book2author (sort_index, author_id, book_id) values (8, 25, 56);
insert into book2author (sort_index, author_id, book_id) values (3, 43, 21);
insert into book2author (sort_index, author_id, book_id) values (1, 33, 60);
insert into book2author (sort_index, author_id, book_id) values (6, 12, 2);
insert into book2author (sort_index, author_id, book_id) values (5, 97, 26);
insert into book2author (sort_index, author_id, book_id) values (10, 90, 81);
insert into book2author (sort_index, author_id, book_id) values (10, 10, 26);
insert into book2author (sort_index, author_id, book_id) values (1, 13, 47);
insert into book2author (sort_index, author_id, book_id) values (3, 17, 46);
insert into book2author (sort_index, author_id, book_id) values (2, 86, 29);
insert into book2author (sort_index, author_id, book_id) values (6, 50, 29);
insert into book2author (sort_index, author_id, book_id) values (1, 56, 85);
insert into book2author (sort_index, author_id, book_id) values (7, 77, 46);
insert into book2author (sort_index, author_id, book_id) values (7, 12, 1);


